insert into customer_sos values ('pan28', 'pankaj-tripathi@gmail.com', 'pankaj', 'tripathi');
insert into customer_sos values ('har34', 'princessharsha@yahoo.com', 'harsha', 'chaudhary');
insert into customer_sos values ('riy18', 'riya-vashishtha@gmail.com', 'riya', 'vashishtha');
insert into customer_sos values ('raj78', 'rvishwakarma0@gmail.com', 'rajeev', 'vishwakarma');

insert into sales_order values('961f217bb2','2022-11-18','kids fire release it end areas front own base function jan give sites those c sign journal advertise were road per seller  hard because feedback poker april i start american long percent mar series jun ',23454.0,'pan28');   
insert into order_line_item values('0383bffe15','cereals muesli fruit nuts',6,'961f217bb2');
insert into order_line_item values('363adee816','Plant Hanger For Home',5,'961f217bb2');
insert into order_line_item values('77b72131fd','Samsung Universe 9',8,'961f217bb2');
insert into order_line_item values('1b3dbf31a9','Fog Scent Xpressio Perfume',2,'961f217bb2');
insert into order_line_item values('ca1038d8d9','Hyaluronic Acid Serum',4,'961f217bb2');
insert into order_line_item values('b2c47fa914','MacBook Pro',7,'961f217bb2');
insert into order_line_item values('c7e284ca6a','Non-Alcoholic Concentrated Perfume Oil',3,'961f217bb2');
insert into order_line_item values('2788a79897','cereals muesli fruit nuts',6,'961f217bb2');
insert into sales_order values('04f849ad17','2022-11-20','team visit sites know since high called similar web feedback issues methods travel public privacy photo which events now whole u computer your problem church me pc its payment age website same less insurance ',7674.0,'pan28');
insert into order_line_item values('8eebfb13a4','Flying Wooden Bird',9,'04f849ad17');
insert into order_line_item values('828460138e','Orange Essence Food Flavou',4,'04f849ad17');
insert into order_line_item values('08db9bb616','cereals muesli fruit nuts',9,'04f849ad17');
insert into order_line_item values('36e5e16c1c','Huawei P30',9,'04f849ad17');
insert into order_line_item values('bf3047fd5e','Infinix INBOOK',2,'04f849ad17');
insert into order_line_item values('595897ecf9','Orange Essence Food Flavou',4,'04f849ad17');
insert into sales_order values('03d96764d3','2022-11-22','sports main say was off self even car sell j black login live my for costs just planning live age real michael ca find support house remember fun storage cover study schools bad total value present discussion ',1403.0,'pan28');
insert into order_line_item values('2e3c6ccbf8','Skin Beauty Serum.',5,'03d96764d3');
insert into order_line_item values('27bfba0fc0','- Daal Masoor 500 grams',1,'03d96764d3');
insert into order_line_item values('3d087874a1','Fog Scent Xpressio Perfume',1,'03d96764d3');
insert into order_line_item values('1512eea32e','Infinix INBOOK',1,'03d96764d3');
insert into order_line_item values('7b79de16bb','Plant Hanger For Home',1,'03d96764d3');
insert into sales_order values('da836706c3','2022-11-19','u set yahoo plan without plan studies top edit michael reference or james months given license google given me word equipment group try john performance other conference internet germany g says art gold ',39.0,'raj78');     
insert into order_line_item values('73489034dd','Fog Scent Xpressio Perfume',3,'da836706c3');
insert into sales_order values('2e0ee18b9f','2022-11-18','light district well web t left lyrics ca which provided up point study risk gallery company video together march features international listings early mar trade makes re march general being index accessories ',5075.0,'pan28');
insert into order_line_item values('1b0c7902dd','Gulab Powder 50 Gram',7,'2e0ee18b9f');
insert into order_line_item values('24653930b7','iPhone X',5,'2e0ee18b9f');
insert into order_line_item values('3394e5ca61','Key Holder',3,'2e0ee18b9f');
insert into sales_order values('86908a0d24','2022-11-21','material form speed term hotel way none figure message send size last used meet third  player table park digital newsletter after ago or written fact discussion comment shall long three record do personal ',7038.0,'har34'); 
insert into order_line_item values('f88bb79a5c','Eau De Perfume Spray',9,'86908a0d24');
insert into order_line_item values('73cf41c2f7','HP Pavilion 15-DK1056WM',6,'86908a0d24');
insert into order_line_item values('5df3a97808','Hyaluronic Acid Serum',6,'86908a0d24');
insert into order_line_item values('b2ff50891d','Handcraft Chinese style',1,'86908a0d24');
insert into sales_order values('31cfa70f87','2022-11-18','gay print full nude uk young into open should which total for movies user mark under recent  material function provide receive x property learning word hotel part am click via national deals it f computer ',621.0,'pan28');  
insert into order_line_item values('4f40176e1c','- Daal Masoor 500 grams',1,'31cfa70f87');
insert into order_line_item values('9f41d55d4b','Fog Scent Xpressio Perfume',2,'31cfa70f87');
insert into order_line_item values('3b93e2f8dc','Hyaluronic Acid Serum',5,'31cfa70f87');
insert into order_line_item values('70a3c79ef3','Non-Alcoholic Concentrated Perfume Oil',4,'31cfa70f87');
insert into sales_order values('52923600b7','2022-11-21','news its update quick side policy department subscribe south newsletter political updated save usually provides lot standard search common few ago direct windows sports said ago server low weather like ',986.0,'riy18');     
insert into order_line_item values('ba16d47c5e','Oil Free Moisturizer 100ml',8,'52923600b7');
insert into order_line_item values('453c943bff','Orange Essence Food Flavou',9,'52923600b7');
insert into order_line_item values('429d3b50eb','Tree Oil 30ml',5,'52923600b7');
insert into order_line_item values('310d8a119d','- Daal Masoor 500 grams',8,'52923600b7');
insert into order_line_item values('e7f13bb3b0','Oil Free Moisturizer 100ml',8,'52923600b7');
insert into sales_order values('c59ebbbe16','2022-11-18','subject sale figure action by nude period notice product sites yes easy wide director members rates learn centre next over windows both team club domain groups type topic water mail meet david listing ',5477.0,'raj78');     
insert into order_line_item values('a48d69e644','MacBook Pro',3,'c59ebbbe16');
insert into order_line_item values('f287073ce6','cereals muesli fruit nuts',5,'c59ebbbe16');
insert into sales_order values('663d76bea5','2022-11-23','president near brand under player north annual listed so star standard list comments cell update date title near common love february able rating social center product cheap james know private required ',2988.0,'pan28');    
insert into order_line_item values('d9b02c0d96','Plant Hanger For Home',8,'663d76bea5');
insert into order_line_item values('92968d20a1','Microsoft Surface Laptop 4',1,'663d76bea5');
insert into order_line_item values('319621df31','Plant Hanger For Home',8,'663d76bea5');
insert into order_line_item values('d357969ce0','Eau De Perfume Spray',3,'663d76bea5');
insert into order_line_item values('91f3ff44ee','Gulab Powder 50 Gram',7,'663d76bea5');
insert into order_line_item values('aad72f4385','perfume Oil',1,'663d76bea5');
insert into order_line_item values('8b1e8a40e7','Oil Free Moisturizer 100ml',6,'663d76bea5');
insert into sales_order values('ef49d68aee','2022-11-23','known individual really order official solutions often complete learn programs join downloads social manager science early once works later security island looking market their enter oil m reading usually ',22039.0,'raj78');
insert into order_line_item values('8b2fd3cafe','Skin Beauty Serum.',3,'ef49d68aee');
insert into order_line_item values('c9aa04aa05','perfume Oil',9,'ef49d68aee');
insert into order_line_item values('7b5e78b220','OPPOF19',1,'ef49d68aee');
insert into order_line_item values('c1a994810c','Gulab Powder 50 Gram',4,'ef49d68aee');
insert into order_line_item values('5ea99f1d70','HP Pavilion 15-DK1056WM',2,'ef49d68aee');
insert into order_line_item values('95988b6601','Hyaluronic Acid Serum',2,'ef49d68aee');
insert into order_line_item values('2b8ba866f1','MacBook Pro',8,'ef49d68aee');
insert into order_line_item values('d32c7e993f','Samsung Universe 9',4,'ef49d68aee');
insert into sales_order values('49bb2143e2','2022-11-18','x getting four r are options pm least centre section stores wide travel always entertainment on  green out at of details picture stories over window author event along method college our version come ',19239.0,'pan28');     
insert into order_line_item values('fc0a28255e','perfume Oil',7,'49bb2143e2');
insert into order_line_item values('abf2ae7738','Huawei P30',9,'49bb2143e2');
insert into order_line_item values('43906ecded','Fog Scent Xpressio Perfume',7,'49bb2143e2');
insert into order_line_item values('863b2972a0','Samsung Universe 9',8,'49bb2143e2');
insert into order_line_item values('5378afba25','Non-Alcoholic Concentrated Perfume Oil',7,'49bb2143e2');
insert into order_line_item values('fb73f14777','cereals muesli fruit nuts',6,'49bb2143e2');
insert into order_line_item values('0183e02529','Plant Hanger For Home',4,'49bb2143e2');
insert into order_line_item values('2f9a116404','iPhone 9',6,'49bb2143e2');
insert into sales_order values('cf9e00a204','2022-11-27','return prices best section our stuff use edit land engineering unit national usa john countries comments months old order million team ever be thing beauty posted records looking areas t password gifts ',7693.0,'har34');    
insert into order_line_item values('2bef98cb9f','Infinix INBOOK',7,'cf9e00a204');
insert into sales_order values('96713c5391','2022-11-18','ebay plus p later range home policies many friends compare old political good type them many nov applications j sort above thanks which community december text adult country policy feel day david customers ',14139.0,'raj78');
insert into order_line_item values('6794be01cb','Microsoft Surface Laptop 4',8,'96713c5391');
insert into order_line_item values('3001feedc6','Huawei P30',4,'96713c5391');
insert into order_line_item values('c689ae5032','Orange Essence Food Flavou',8,'96713c5391');
insert into order_line_item values('6b05d7c761','Fog Scent Xpressio Perfume',3,'96713c5391');
insert into sales_order values('7f1ff82c86','2022-11-25','family cards be title since other young lyrics size event materials  she or course holiday downloads jobs take request stores jobs for park friday north oct however keep quality come september india real ',5067.0,'raj78');  
insert into order_line_item values('7de6acab67','Key Holder',3,'7f1ff82c86');
insert into order_line_item values('a920170095','Brown Perfume',9,'7f1ff82c86');
insert into order_line_item values('2327530de8','- Daal Masoor 500 grams',6,'7f1ff82c86');
insert into order_line_item values('04b3074068','Microsoft Surface Laptop 4',3,'7f1ff82c86');
insert into sales_order values('dc1e1646d5','2022-11-22','subscribe california google article press cart registered one system possible issues department below l kingdom him medical made latest linux the non memory experience player face man million head deals ',112.0,'riy18');    
insert into order_line_item values('528d262b02','Elbow Macaroni - 400 gm',8,'dc1e1646d5');
insert into sales_order values('d0585f54e2','2022-11-27','oil range submit product percent third we reports articles thanks book taken tech cost are question kids she sort users help project test author registered conference town radio not password view known ',8751.0,'har34');    
insert into order_line_item values('3bc7b5a8ef','Microsoft Surface Laptop 4',1,'d0585f54e2');
insert into order_line_item values('6d673dcaa5','Non-Alcoholic Concentrated Perfume Oil',4,'d0585f54e2');
insert into order_line_item values('62f632b020','cereals muesli fruit nuts',6,'d0585f54e2');
insert into order_line_item values('80c087088b','HP Pavilion 15-DK1056WM',2,'d0585f54e2');
insert into order_line_item values('9bc919d970','Brown Perfume',2,'d0585f54e2');
insert into order_line_item values('f09e5cc3b2','3D Embellishment Art Lamp',1,'d0585f54e2');
insert into order_line_item values('02db167e22','Huawei P30',5,'d0585f54e2');
insert into order_line_item values('014ec6760e','Microsoft Surface Laptop 4',1,'d0585f54e2');
insert into order_line_item values('5f5960ef66','Flying Wooden Bird',4,'d0585f54e2');
insert into sales_order values('b98bd37127','2022-11-23','china really directory thing body hard me association management collection should features response upon course rules drive green file make window sports study he need topics prices are miles entertainment ',1889.0,'raj78');
insert into order_line_item values('643c8f15c6','perfume Oil',1,'b98bd37127');
insert into order_line_item values('dc390a6efd','Oil Free Moisturizer 100ml',6,'b98bd37127');
insert into order_line_item values('71e08b370a','Key Holder',7,'b98bd37127');
insert into order_line_item values('eaaf836aab','Fog Scent Xpressio Perfume',2,'b98bd37127');
insert into order_line_item values('c550be27be','Non-Alcoholic Concentrated Perfume Oil',8,'b98bd37127');
insert into order_line_item values('b46f4b9420','Key Holder',7,'b98bd37127');
insert into order_line_item values('1edcfda4f8','Flying Wooden Bird',4,'b98bd37127');
insert into order_line_item values('5f197c328b','Fog Scent Xpressio Perfume',2,'b98bd37127');
insert into sales_order values('77209320cd','2022-11-27','thought read delivery every section those shoes today account projects know help association hard h technology game got july ago found st where we french log reply house collection dec engineering p areas ',24.0,'har34');   
insert into order_line_item values('5eb6b5727a','Tree Oil 30ml',2,'77209320cd');
insert into sales_order values('62f036ac3e','2022-11-27','sign before important november news self note r island high windows park state tickets la due council program state co why what include home long quality style real game friends order today f analysis ',21054.0,'har34');    
insert into order_line_item values('0fee7061c1','Freckle Treatment Cream- 15gm',2,'62f036ac3e');
insert into order_line_item values('91ad98a6b5','Hyaluronic Acid Serum',9,'62f036ac3e');
insert into order_line_item values('8a83d4bcfb','Infinix INBOOK',4,'62f036ac3e');
insert into order_line_item values('835cf68ab6','MacBook Pro',9,'62f036ac3e');
insert into order_line_item values('3c10ad86c7','Elbow Macaroni - 400 gm',6,'62f036ac3e');
insert into order_line_item values('c6eda6b2a7','Skin Beauty Serum.',7,'62f036ac3e');
insert into order_line_item values('e06b96fb7e','Freckle Treatment Cream- 15gm',2,'62f036ac3e');
insert into order_line_item values('2ba69f2167','3D Embellishment Art Lamp',3,'62f036ac3e');
insert into sales_order values('e52fd72928','2022-11-26','away database staff cost sites technical air able class discussion help heart word calendar media materials federal media messages recent just registered michael something self hours stock listing health ',1211.0,'raj78');  
insert into order_line_item values('9bbcf47184','Elbow Macaroni - 400 gm',8,'e52fd72928');
insert into order_line_item values('ad2af8cbb1','Infinix INBOOK',1,'e52fd72928');
insert into sales_order values('1e6f9ad9c8','2022-11-26',' net written event s look activities comments working need TRUE legal work university topic pictures style protection official new st mail points game red section director al just future water advertise ',1262.0,'pan28');   
insert into order_line_item values('869da7f9dd','Gulab Powder 50 Gram',5,'1e6f9ad9c8');
insert into order_line_item values('fc9611672b','Skin Beauty Serum.',1,'1e6f9ad9c8');
insert into order_line_item values('f8ed692f3e','Skin Beauty Serum.',1,'1e6f9ad9c8');
insert into order_line_item values('f38aae5606','Key Holder',6,'1e6f9ad9c8');
insert into order_line_item values('d3015682b1','Freckle Treatment Cream- 15gm',8,'1e6f9ad9c8');
insert into order_line_item values('b953821cb0','Oil Free Moisturizer 100ml',2,'1e6f9ad9c8');
insert into sales_order values('b3d3c7a235','2022-11-27','thread toys least field requirements server of error and feb week view page magazine information tech de so categories shall member st find could week newsletter archives only said management working ',16732.0,'pan28');     
insert into order_line_item values('c893ee8dde','HP Pavilion 15-DK1056WM',5,'b3d3c7a235');
insert into order_line_item values('bebdae0865','Huawei P30',3,'b3d3c7a235');
insert into order_line_item values('2252105a28','iPhone 9',5,'b3d3c7a235');
insert into order_line_item values('4b8804612c','Gulab Powder 50 Gram',6,'b3d3c7a235');
insert into order_line_item values('58686e5a1c','Non-Alcoholic Concentrated Perfume Oil',9,'b3d3c7a235');
insert into order_line_item values('527cc090fb','HP Pavilion 15-DK1056WM',5,'b3d3c7a235');
insert into sales_order values('697e63087d','2022-11-25','during before making education subject white very users well big east hot table topics for april advertise return available around problem being job pm in planning both holiday various enough standard ',326.0,'raj78');      
insert into order_line_item values('a6f9afe4ba','Tree Oil 30ml',8,'697e63087d');
insert into order_line_item values('72e54d9cc9','Skin Beauty Serum.',5,'697e63087d');
insert into sales_order values('f9bcbf6e82','2022-11-25','t south working english do specific study easy user commercial local bad yahoo thanks use with brand update terms archive resource white are html long card previous j church links profile really many ',18146.0,'har34');     
insert into order_line_item values('51dcf554d3','Gulab Powder 50 Gram',1,'f9bcbf6e82');
insert into order_line_item values('f2562fb18c','Plant Hanger For Home',3,'f9bcbf6e82');
insert into order_line_item values('d78edb8f8f','Oil Free Moisturizer 100ml',3,'f9bcbf6e82');
insert into order_line_item values('091130d289','Tree Oil 30ml',9,'f9bcbf6e82');
insert into order_line_item values('9d304c91c2','Tree Oil 30ml',9,'f9bcbf6e82');
insert into order_line_item values('fc8394c6d7','Skin Beauty Serum.',9,'f9bcbf6e82');
insert into order_line_item values('dfd031baec','Oil Free Moisturizer 100ml',3,'f9bcbf6e82');
insert into order_line_item values('3dd087bf62','Infinix INBOOK',9,'f9bcbf6e82');
insert into order_line_item values('ae6f037087','iPhone X',8,'f9bcbf6e82');
insert into sales_order values('f508988a00','2022-11-27','and through given they read used years tell learn major men if person reports author beauty research give related global trade that club pm reports any treatment average days conference man home several ',3466.0,'pan28');   
insert into order_line_item values('71e461ae16','Hyaluronic Acid Serum',4,'f508988a00');
insert into order_line_item values('de26c78f0e','Freckle Treatment Cream- 15gm',9,'f508988a00');
insert into order_line_item values('01adcc4867','Oil Free Moisturizer 100ml',7,'f508988a00');
insert into order_line_item values('fdd1a71374','Non-Alcoholic Concentrated Perfume Oil',9,'f508988a00');
insert into order_line_item values('f2ffc51c14','Non-Alcoholic Concentrated Perfume Oil',9,'f508988a00');
insert into order_line_item values('a075430663','- Daal Masoor 500 grams',8,'f508988a00');
insert into order_line_item values('2922799cc8','- Daal Masoor 500 grams',8,'f508988a00');
insert into sales_order values('2bf083ecee','2022-11-26','studies records sports current category box start his production texas sports faq professional register try before records downloads god text faq type daily level reports our story states category easy ',7693.0,'pan28');    
insert into order_line_item values('7763412ec2','HP Pavilion 15-DK1056WM',7,'2bf083ecee');
insert into sales_order values('09e3345230','2022-11-23','million like website sale play library images call city each street canada going committee been picture article food note content of president hotels topics no light browse already calendar method high ',3835.0,'har34');    
insert into order_line_item values('9ba65497c2','Gulab Powder 50 Gram',3,'09e3345230');
insert into order_line_item values('9c66124f8f','Orange Essence Food Flavou',5,'09e3345230');
insert into order_line_item values('7a6cbc8416','Fog Scent Xpressio Perfume',1,'09e3345230');
insert into order_line_item values('2d1fd9f72c','perfume Oil',7,'09e3345230');
insert into order_line_item values('a4669b773f','Elbow Macaroni - 400 gm',6,'09e3345230');
insert into order_line_item values('f512660f5e','Plant Hanger For Home',9,'09e3345230');
insert into order_line_item values('cd321fa01e','Samsung Galaxy Book',2,'09e3345230');
insert into sales_order values('02301e30fe','2022-11-26','now save become shoes o society y memory cars f look it program least mark france hot life information large how published has data uk safety free text range bad apr to current men basic guide like unit ',520.0,'riy18');    
insert into order_line_item values('8cb8afd38e','Hyaluronic Acid Serum',8,'02301e30fe');
insert into order_line_item values('250ff838d4','Skin Beauty Serum.',8,'02301e30fe');
insert into sales_order values('983cb5fc83','2022-11-23','include his house back store november gifts food building press version men digital low book council germany including plan self york individual latest requirements color since market friend edit models ',1582.0,'riy18');   
insert into order_line_item values('132e82a5ce','OPPOF19',1,'983cb5fc83');
insert into order_line_item values('00e64474c1','Non-Alcoholic Concentrated Perfume Oil',8,'983cb5fc83');
insert into order_line_item values('2effc69990','Oil Free Moisturizer 100ml',3,'983cb5fc83');
insert into order_line_item values('62ebfdf3a3','Hyaluronic Acid Serum',8,'983cb5fc83');
insert into order_line_item values('09bd56b48b','Gulab Powder 50 Gram',1,'983cb5fc83');


